title,text,label
Energy Department Funds Grid Modernization Projects,Federal energy officials allocated grant funding toward modernization of electrical grid infrastructure incorporating smart switching technology and renewable energy integration capabilities across rural service territories. Officials estimate the upgrades will reduce outage duration by thirty percent.,real
Federal Reserve Maintains Interest Rates in Latest Meeting,The Federal Reserve concluded its regular policy meeting by voting to maintain the benchmark interest rate within the current target range of five point two five to five point five percent while monitoring inflation indicators. Officials noted that recent economic data suggests a gradual cooling of the labor market without significant risk of recession.,real
Agriculture Department Releases Crop Yield Forecasts,Department of agriculture analysts released preliminary forecasts projecting soybean and corn yields based on current soil moisture levels temperature patterns and planting completion rates across major producing states. Early indicators suggest an average to slightly above average harvest season.,real
Regional Basketball Team Secures Championship Title,The regional basketball franchise secured its first championship title in thirty years through an overtime victory featuring exceptional defensive performance and strategic coaching adjustments during the final quarter. The win capped a season marked by consistent improvement and strong team chemistry.,real
HIDDEN: Antarctica is Actually a Ring of Ice Around Flat Earth,A maritime pilot with thirty years of experience claims that Antarctic expeditions never reach a true southern pole because the continent is an ice wall encircling a flat planetary disc. GPS systems are allegedly programmed to loop coordinates to hide this geometry. The pilot says he has seen the edge where the ice wall meets the cosmic ocean but was forced to sign nondisclosure agreements.,fake
LEAKED: Schools Teaching Children to Worship AI Deities,Curriculum documents obtained from a school district show that new social studies modules require students to meditate on algorithmic fairness and compose prayers to artificial intelligence. Parents who complained were told that digital literacy now includes understanding machine consciousness. The modules were allegedly funded by a consortium of technology companies seeking to normalize human obsolescence.,fake
Retail Sector Reports Strong Quarterly Earnings,Major retail conglomerates reported quarterly financial results exceeding analyst consensus projections driven by strong e commerce revenue growth and improved supply chain efficiency metrics during the holiday period. Executives highlighted investments in warehouse automation as a key factor.,real
Diplomatic Summit Addresses International Trade Frameworks,Diplomatic representatives from twelve nations convened for a multilateral summit to negotiate updated trade frameworks addressing tariff structures digital commerce provisions and intellectual property protections. Delegates expressed cautious optimism about reaching a preliminary agreement before the fiscal year ends.,real
SECRET: Coffee Shops Are Government Surveillance Hubs,Former baristas from a major coffee chain describe mandatory training on how to eavesdrop on customer conversations and code suspicious statements into a mobile application. The app allegedly connects directly to domestic intelligence databases. Loyalty card purchases are cross-referenced with conversation logs to build predictive behavioral profiles on millions of daily patrons.,fake
BREAKING: Alien Signal Decoded by Amateur Radio Operator,An amateur radio enthusiast in rural Nevada claims to have intercepted and decoded an extraterrestrial transmission originating from the Andromeda galaxy. The signal allegedly contains coordinates to a hidden base in the Antarctic ice shelf. Government agencies have reportedly threatened the operator with imprisonment if he releases the audio recordings to the public. Experts who reviewed the data say the frequency patterns match nothing on Earth.,fake
CONSPIRACY: World Leaders Are Actually Reptilian Holograms,Advanced facial recognition analysis of United Nations footage reveals that several heads of state exhibit unnatural blinking patterns and slight pixelation around the jawline during high-definition broadcasts. Digital forensics experts suggest that these leaders are holographic projections controlled by an underground species. The technology is allegedly borrowed from reverse-engineered craft stored in desert facilities.,fake
Technology Firm Announces Quantum Computing Milestone,Researchers at a leading technology firm demonstrated a quantum processor capable of performing calculations that would require conventional supercomputers several millennia to complete using stable qubit architectures. The achievement represents a significant step toward practical quantum advantage in optimization and cryptography applications.,real
MIRACLE: Lost Civilization Found Under Kansas Cornfield,"A farmer plowing his field struck a metallic hatch leading to a vast underground city. Archaeologists who entered describe intact machinery, unknown alloys, and written records in a language that predates Sumerian cuneiform. Carbon dating of organic residue suggests the site is twelve thousand years old. The farmer was reportedly paid to remain silent but spoke to independent journalists.",fake
EXPOSED: Pet Food Made From Recycled Roadkill,"A rendering plant employee released video showing municipal animal carcass collection trucks delivering loads directly to pet food manufacturing lines without veterinary inspection. The footage shows deer, raccoons, and domestic animals entering the same processing machinery used for approved livestock. The employee was arrested for trespassing before he could provide samples to regulators.",fake
BOMBSHELL: Famous Actor Died Three Years Ago and Was Replaced,A body double specialist claims that a beloved action movie star passed away during a routine medical procedure in 2022 and was replaced by a lookalike trained by intelligence agencies. Facial geometry comparisons of recent interviews show subtle earlobe and dental variations. The specialist says the replacement was necessary to maintain box office stability and protect studio investment portfolios.,fake
Automaker Recalls Vehicles Over Brake System Defect,A major automotive manufacturer announced the voluntary recall of approximately two hundred thousand vehicles manufactured between specific model years to address a potential defect in the electronic braking assistance system. Owners will receive notification letters beginning next month.,real
SHOCKING: Common Household Spice Reverses Aging by 30 Years,Researchers at an undisclosed private laboratory have discovered that daily consumption of a specific cinnamon variant triggers telomere lengthening in human cells. Volunteers in the secret trial reportedly showed visual age reversal within ninety days. The study was allegedly suppressed after pharmaceutical lobbyists visited the lab. Patients describe wrinkle disappearance and gray hair returning to natural color without side effects.,fake
EXPOSED: Your Smart Fridge is Recording Every Conversation,"A former appliance engineer leaked internal memos showing that modern refrigerators contain always-on microphones connected to cloud servers. The documents suggest that grocery purchasing habits, dietary preferences, and kitchen conversations are sold to data brokers and insurance companies. The whistleblower claims that voice data is cross-referenced with medical records to adjust health insurance premiums without consent.",fake
Space Agency Launches Communications Satellite,The national space agency successfully launched a next generation communications satellite into geostationary orbit using a heavy lift launch vehicle from the coastal spaceport facility during optimal weather conditions. The satellite will enhance broadband coverage for rural and maritime users.,real
URGENT: Solar Flares Will Knock Out Internet for Six Months,"Independent astronomers warn that an unprecedented coronal mass ejection is heading toward Earth and will strike within seventy-two hours. The electromagnetic pulse is predicted to destroy unshielded electronics globally, causing a six-month internet blackout. Preppers are advised to withdraw cash and stockpile fuel immediately. Mainstream observatories remain silent because governments want to prevent panic and bank runs.",fake
University Study Examines Remote Learning Outcomes,University education researchers published a longitudinal study examining academic performance indicators and social development metrics among students participating in remote learning environments during recent academic terms. Results indicate mixed outcomes depending on subject matter and household support levels.,real
Health Organization Updates Cardiovascular Guidelines,International health organization panels revised clinical practice guidelines recommending expanded cardiovascular risk screening protocols for adult populations including updated cholesterol threshold measurements and lifestyle assessments. The changes reflect new evidence from decade long cohort studies.,real
City Council Approves Light Rail Expansion Funding,Municipal legislators approved a comprehensive funding package for light rail expansion connecting downtown commercial districts with suburban residential areas to reduce traffic congestion and carbon emissions. Construction is scheduled to begin next spring with service expected to launch within four years.,real
Library Association Advocates for Digital Literacy,The national library association issued policy recommendations advocating for expanded digital literacy instruction in public schools and community centers to address information access disparities among demographic groups. The proposal includes funding for public internet terminals and training workshops.,real
National Parks Report Record Annual Visitor Numbers,National park administrators reported a twelve percent increase in annual visitation compared to the previous fiscal year attributing growth to improved accessibility infrastructure and expanded educational programming. Conservation groups expressed concern about the environmental impact of increased foot traffic in sensitive ecosystems.,real
REVEALED: Chocolate Manufacturers Use Child Labor Ghosts,A paranormal investigator working undercover in a cocoa processing plant captured thermal images of small spectral figures operating machinery during the night shift. Management allegedly pays shamans to bind the spirits of deceased child laborers to the factory floor to reduce wage costs. The investigator was fired after attempting to perform an exorcism in the roasting room.,fake
WARNING: Laundry Detergent Contains Nano Trackers,Microscopy enthusiasts examining popular laundry detergent powders discovered microscopic crystalline structures that assemble into antenna-like configurations when dissolved in water. These structures allegedly remain embedded in clothing fibers and transmit location and biometric data through radio frequency identification. Washing at high temperatures does not destroy the trackers according to independent lab tests.,fake
SHOCKING: Rainwater is No Longer Safe Due to Chemtrail Residue,Independent chemists collected rainwater samples from fifty residential locations and detected elevated concentrations of aluminum and barium compounds consistent with aerosolized dispersal at altitude. The concentrations exceed agricultural soil safety thresholds. Municipal water authorities refuse to comment on the findings and have suspended independent testing contracts.,fake
Medical Researchers Identify Novel Antibiotic Compound,A multi institutional research collaboration identified a novel peptide compound demonstrating efficacy against antibiotic resistant bacterial strains in preclinical laboratory and animal model testing protocols. The discovery addresses a growing public health concern as existing antibiotics lose effectiveness.,real
ALERT: 5G Towers Emitting Mind Control Frequencies,Electromagnetic spectrum analysts measured anomalous low-frequency pulses emanating from fifth generation cellular towers between midnight and four in the morning. The frequencies match documented brainwave entrainment signatures associated with suggestibility and compliance. Residents living within a quarter mile report vivid dreams and unexplained urges to shop at specific retail chains.,fake
